{
    "model_config": {
        "vocab_size": 13,
        "dim": 8,
        "dropout": 0.0,
        "n_layers": 8,
        "n_heads": 4,
        "n_kv_heads": 4,
        "max_seq_len": 20,
        "layer_norm_eps": 1e-05,
        "multiple_of": 32,
        "hidden_dim": null,
        "position_embedding_type": "rotary",
        "use_cache": true
    },
    "train_config": {
        "capacity": 5808844800000,
        "n_epochs": 15,
        "batch_size": 1024,
        "save_dir": "addition_models/ablation_5",
        "model_parameters": 8568,
        "train_samples": 7532998
    },
    "num_params": 8568,
    "accuracy": 0.3607
}